{
  "CIDs_ouro": {
    "media": 2.5980304386750226,
    "mediana": 2.0,
    "desvio": 1.4054794418411989,
    "p10": 1.0,
    "p50": 2.0,
    "p90": 4.0
  },
  "Predicoes_por_modelo": {
    "API Maritalk": {
      "media": 6.239928379588183,
      "mediana": 6.0,
      "desvio": 1.8983342996283585,
      "p10": 5.0,
      "p90": 8.0,
      "n_unicos_preditos": 978,
      "taxa_repeticao_media": 0.00011190689346463742
    },
    "API Deep-Seek": {
      "media": 5.5362578334825425,
      "mediana": 5.0,
      "desvio": 1.3479646005317425,
      "p10": 4.0,
      "p90": 7.0,
      "n_unicos_preditos": 623,
      "taxa_repeticao_media": 0.0
    },
    "API GPT-Mini": {
      "media": 5.26857654431513,
      "mediana": 5.0,
      "desvio": 0.9871154878205569,
      "p10": 4.0,
      "p90": 6.0,
      "n_unicos_preditos": 490,
      "taxa_repeticao_media": 0.0
    },
    "API GPT‑4o": {
      "media": 4.425246195165622,
      "mediana": 4.0,
      "desvio": 1.3596225682310903,
      "p10": 3.0,
      "p90": 6.0,
      "n_unicos_preditos": 623,
      "taxa_repeticao_media": 0.0004188515155390715
    },
    "API Gemini": {
      "media": 4.939122649955237,
      "mediana": 5.0,
      "desvio": 1.3473258860376864,
      "p10": 3.0,
      "p90": 7.0,
      "n_unicos_preditos": 629,
      "taxa_repeticao_media": 0.0012782254053516362
    }
  },
  "Distribuicao_3char": {
    "O82": 444,
    "O24": 301,
    "O80": 261,
    "O14": 147,
    "O16": 119,
    "E66": 112,
    "E03": 97,
    "I10": 83,
    "O30": 58,
    "O13": 57
  },
  "meta": {
    "n_amostras": 1117,
    "versoes": {
      "python": "3.12",
      "pandas": "2.2.2",
      "numpy": "2.0.2"
    },
    "data_export": "2025-09-09T12:01:57"
  },
  "Cobertura": {
    "Codigos_folha_distintos": 470,
    "Categorias_3char_distintas": 275,
    "Top_10_categorias": {
      "O82": 444,
      "O24": 301,
      "O80": 261,
      "O14": 147,
      "O16": 119,
      "E66": 112,
      "E03": 97,
      "I10": 83,
      "O30": 58,
      "O13": 57
    },
    "Top_20_categorias": {
      "O82": 444,
      "O24": 301,
      "O80": 261,
      "O14": 147,
      "O16": 119,
      "E66": 112,
      "E03": 97,
      "I10": 83,
      "O30": 58,
      "O13": 57,
      "O60": 56,
      "O42": 54,
      "O36": 53,
      "P05": 51,
      "N88": 50,
      "Z35": 36,
      "N39": 34,
      "Z30": 33,
      "J45": 32,
      "F41": 28
    }
  },
  "Cobertura_por_modelo": {
    "API Maritalk": {
      "Codigos_folha_distintos": 978,
      "Categorias_3char_distintas": 481,
      "Cobertura_full": {
        "Top10": {
          "O82": 411,
          "Z39.0": 305,
          "Z34.9": 252,
          "O85": 208,
          "O80": 195,
          "Z39.1": 188,
          "O10": 187,
          "O14.9": 163,
          "O24.0": 130,
          "Z32.1": 129
        },
        "Top20": {
          "O82": 411,
          "Z39.0": 305,
          "Z34.9": 252,
          "O85": 208,
          "O80": 195,
          "Z39.1": 188,
          "O10": 187,
          "O14.9": 163,
          "O24.0": 130,
          "Z32.1": 129,
          "Z30.2": 104,
          "O24.1": 97,
          "Z01.8": 88,
          "O26.8": 87,
          "E11": 79,
          "O24.9": 78,
          "O43.0": 78,
          "O48": 78,
          "O11": 75,
          "E03.9": 72
        },
        "%Top10": 31.104734576757533,
        "%Top20": 43.098995695839314
      },
      "Cobertura_3char": {
        "Top10": {
          "Z39": 593,
          "O82": 427,
          "Z34": 386,
          "O24": 343,
          "O10": 240,
          "O14": 230,
          "O80": 209,
          "O85": 208,
          "O43": 142,
          "P05": 141
        },
        "Top20": {
          "Z39": 593,
          "O82": 427,
          "Z34": 386,
          "O24": 343,
          "O10": 240,
          "O14": 230,
          "O80": 209,
          "O85": 208,
          "O43": 142,
          "P05": 141,
          "Z32": 139,
          "O26": 115,
          "Z30": 110,
          "E03": 96,
          "O48": 96,
          "O86": 95,
          "Z01": 92,
          "E11": 88,
          "O81": 86,
          "E66": 83
        },
        "%Top10": 41.87948350071736,
        "%Top20": 56.22668579626973
      }
    },
    "API Deep-Seek": {
      "Codigos_folha_distintos": 623,
      "Categorias_3char_distintas": 350,
      "Cobertura_full": {
        "Top10": {
          "Z39.0": 505,
          "O26.9": 384,
          "D50.9": 312,
          "O24.4": 235,
          "O80": 227,
          "O82": 170,
          "Z30.2": 148,
          "O14.9": 128,
          "Z34.90": 113,
          "O10.9": 111
        },
        "Top20": {
          "Z39.0": 505,
          "O26.9": 384,
          "D50.9": 312,
          "O24.4": 235,
          "O80": 227,
          "O82": 170,
          "Z30.2": 148,
          "O14.9": 128,
          "Z34.90": 113,
          "O10.9": 111,
          "O13": 102,
          "E03.9": 99,
          "O36.5": 97,
          "O42.9": 96,
          "Z30.1": 95,
          "E66.9": 87,
          "Z39.1": 82,
          "Z37.0": 72,
          "O90.8": 71,
          "N39.0": 68
        },
        "%Top10": 37.72639068564036,
        "%Top20": 51.778783958602844
      },
      "Cobertura_3char": {
        "Top10": {
          "Z39": 653,
          "O26": 402,
          "D50": 312,
          "O24": 298,
          "Z30": 254,
          "O80": 233,
          "Z34": 202,
          "O82": 170,
          "O14": 164,
          "O60": 161
        },
        "Top20": {
          "Z39": 653,
          "O26": 402,
          "D50": 312,
          "O24": 298,
          "Z30": 254,
          "O80": 233,
          "Z34": 202,
          "O82": 170,
          "O14": 164,
          "O60": 161,
          "O90": 158,
          "O36": 155,
          "Z79": 145,
          "O70": 143,
          "O10": 114,
          "O34": 112,
          "O13": 109,
          "O42": 106,
          "E03": 101,
          "E66": 96
        },
        "%Top10": 46.07050452781371,
        "%Top20": 66.10608020698577
      }
    },
    "API GPT-Mini": {
      "Codigos_folha_distintos": 490,
      "Categorias_3char_distintas": 299,
      "Cobertura_full": {
        "Top10": {
          "Z39.0": 488,
          "O82": 343,
          "O80": 322,
          "O99.0": 255,
          "O99.8": 231,
          "O34.2": 230,
          "O24.4": 218,
          "O14.9": 182,
          "Z38.0": 176,
          "O99.3": 165
        },
        "Top20": {
          "Z39.0": 488,
          "O82": 343,
          "O80": 322,
          "O99.0": 255,
          "O99.8": 231,
          "O34.2": 230,
          "O24.4": 218,
          "O14.9": 182,
          "Z38.0": 176,
          "O99.3": 165,
          "I10": 125,
          "O26.8": 110,
          "F53.0": 106,
          "Z34.0": 102,
          "O99.1": 98,
          "E03.9": 95,
          "O36.8": 92,
          "O60.1": 90,
          "D50.9": 88,
          "O36.5": 83
        },
        "%Top10": 44.3500424808836,
        "%Top20": 61.15548003398471
      },
      "Cobertura_3char": {
        "Top10": {
          "O99": 778,
          "Z39": 587,
          "O82": 343,
          "O80": 322,
          "O36": 279,
          "O34": 252,
          "O14": 241,
          "O24": 233,
          "Z38": 184,
          "O60": 144
        },
        "Top20": {
          "O99": 778,
          "Z39": 587,
          "O82": 343,
          "O80": 322,
          "O36": 279,
          "O34": 252,
          "O14": 241,
          "O24": 233,
          "Z38": 184,
          "O60": 144,
          "O26": 140,
          "Z34": 129,
          "I10": 125,
          "O70": 106,
          "F53": 106,
          "E03": 95,
          "D50": 88,
          "O30": 72,
          "O75": 64,
          "O72": 58
        },
        "%Top10": 57.14528462192013,
        "%Top20": 73.84876805437553
      }
    },
    "API GPT‑4o": {
      "Codigos_folha_distintos": 623,
      "Categorias_3char_distintas": 353,
      "Cobertura_full": {
        "Top10": {
          "O24.4": 243,