{
  "CIDs_ouro": {
    "media": 2.5980304386750226,
    "mediana": 2.0,
    "desvio": 1.4054794418411989,
    "p10": 1.0,
    "p50": 2.0,
    "p90": 4.0
  },
  "Predicoes_por_modelo": {
    "API Maritalk": {
      "media": 6.239928379588183,
      "mediana": 6.0,
      "desvio": 1.8983342996283585,
      "p10": 5.0,
      "p90": 8.0,
      "n_unicos_preditos": 978,
      "taxa_repeticao_media": 0.00011190689346463742
    },
    "API Deep-Seek": {
      "media": 5.5362578334825425,
      "mediana": 5.0,
      "desvio": 1.3479646005317425,
      "p10": 4.0,
      "p90": 7.0,
      "n_unicos_preditos": 623,
      "taxa_repeticao_media": 0.0
    },
    "API GPT-Mini": {
      "media": 5.26857654431513,
      "mediana": 5.0,
      "desvio": 0.9871154878205569,
      "p10": 4.0,
      "p90": 6.0,
      "n_unicos_preditos": 490,
      "taxa_repeticao_media": 0.0
    },
    "API GPT‑4o": {
      "media": 4.425246195165622,
      "mediana": 4.0,
      "desvio": 1.3596225682310903,
      "p10": 3.0,
      "p90": 6.0,
      "n_unicos_preditos": 623,
      "taxa_repeticao_media": 0.0004188515155390715
    },
    "API Gemini": {
      "media": 4.939122649955237,
      "mediana": 5.0,
      "desvio": 1.3473258860376864,
      "p10": 3.0,
      "p90": 7.0,
      "n_unicos_preditos": 629,
      "taxa_repeticao_media": 0.0012782254053516362
    }
  },
  "Distribuicao_3char": {
    "O82": 444,
    "O24": 301,
    "O80": 261,
    "O14": 147,
    "O16": 119,
    "E66": 112,
    "E03": 97,
    "I10": 83,
    "O30": 58,
    "O13": 57
  },
  "meta": {
    "n_amostras": 1117,
    "versoes": {
      "python": "3.12",
      "pandas": "2.2.2",
      "numpy": "2.0.2"
    },
    "data_export": "2025-09-09T12:01:57"
  },
  "Cobertura": {
    "Codigos_folha_distintos": 470,
    "Categorias_3char_distintas": 275,
    "Top_10_categorias": {
      "O82": 444,
      "O24": 301,
      "O80": 261,
      "O14": 147,
      "O16": 119,
      "E66": 112,
      "E03": 97,
      "I10": 83,
      "O30": 58,
      "O13": 57
    },
    "Top_20_categorias": {
      "O82": 444,
      "O24": 301,
      "O80": 261,
      "O14": 147,
      "O16": 119,
      "E66": 112,
      "E03": 97,
      "I10": 83,
      "O30": 58,
      "O13": 57,
      "O60": 56,
      "O42": 54,
      "O36": 53,
      "P05": 51,
      "N88": 50,
      "Z35": 36,
      "N39": 34,
      "Z30": 33,
      "J45": 32,
      "F41": 28
    }
  },
  "Cobertura_por_modelo": {
    "API Maritalk": {
      "Codigos_folha_distintos": 978,
      "Categorias_3char_distintas": 481,
      "Cobertura_full": {
        "Top10": {
          "O82": 411,
          "Z390": 305,
          "Z349": 252,
          "O85": 208,
          "O80": 195,
          "Z391": 188,
          "O10": 187,
          "O149": 163,
          "O240": 130,
          "Z321": 129
        },
        "Top20": {
          "O82": 411,
          "Z390": 305,
          "Z349": 252,
          "O85": 208,
          "O80": 195,
          "Z391": 188,
          "O10": 187,
          "O149": 163,
          "O240": 130,
          "Z321": 129,
          "Z302": 104,
          "O241": 97,
          "Z018": 88,
          "O268": 87,
          "E11": 79,
          "O249": 78,
          "O430": 78,
          "O48": 78,
          "O11": 75,
          "E039": 72
        },
        "%Top10": 31.104734576757533,
        "%Top20": 43.098995695839314
      },
      "Cobertura_3char": {
        "Top10": {
          "Z39": 593,
          "O82": 427,
          "Z34": 386,
          "O24": 343,
          "O10": 240,
          "O14": 230,
          "O80": 209,
          "O85": 208,
          "O43": 142,
          "P05": 141
        },
        "Top20": {
          "Z39": 593,
          "O82": 427,
          "Z34": 386,
          "O24": 343,
          "O10": 240,
          "O14": 230,
          "O80": 209,
          "O85": 208,
          "O43": 142,
          "P05": 141,
          "Z32": 139,
          "O26": 115,
          "Z30": 110,
          "E03": 96,
          "O48": 96,
          "O86": 95,
          "Z01": 92,
          "E11": 88,
          "O81": 86,
          "E66": 83
        },
        "%Top10": 41.87948350071736,
        "%Top20": 56.22668579626973
      }
    },
    "API Deep-Seek": {
      "Codigos_folha_distintos": 623,
      "Categorias_3char_distintas": 350,
      "Cobertura_full": {
        "Top10": {
          "Z390": 505,
          "O269": 384,
          "D509": 312,
          "O244": 235,
          "O80": 227,
          "O82": 170,
          "Z302": 148,
          "O149": 128,
          "Z3490": 113,
          "O109": 111
        },
        "Top20": {
          "Z390": 505,
          "O269": 384,
          "D509": 312,
          "O244": 235,
          "O80": 227,
          "O82": 170,
          "Z302": 148,
          "O149": 128,
          "Z3490": 113,
          "O109": 111,
          "O13": 102,
          "E039": 99,
          "O365": 97,
          "O429": 96,
          "Z301": 95,
          "E669": 87,
          "Z391": 82,
          "Z370": 72,
          "O908": 71,
          "N390": 68
        },
        "%Top10": 37.72639068564036,
        "%Top20": 51.778783958602844
      },
      "Cobertura_3char": {
        "Top10": {
          "Z39": 653,
          "O26": 402,
          "D50": 312,
          "O24": 298,
          "Z30": 254,
          "O80": 233,
          "Z34": 202,
          "O82": 170,
          "O14": 164,
          "O60": 161
        },
        "Top20": {
          "Z39": 653,
          "O26": 402,
          "D50": 312,
          "O24": 298,
          "Z30": 254,
          "O80": 233,
          "Z34": 202,
          "O82": 170,
          "O14": 164,
          "O60": 161,
          "O90": 158,
          "O36": 155,
          "Z79": 145,
          "O70": 143,
          "O10": 114,
          "O34": 112,
          "O13": 109,
          "O42": 106,
          "E03": 101,
          "E66": 96
        },
        "%Top10": 46.07050452781371,
        "%Top20": 66.10608020698577
      }
    },
    "API GPT-Mini": {
      "Codigos_folha_distintos": 490,
      "Categorias_3char_distintas": 299,
      "Cobertura_full": {
        "Top10": {
          "Z390": 488,
          "O82": 343,
          "O80": 322,
          "O990": 255,
          "O998": 231,
          "O342": 230,
          "O244": 218,
          "O149": 182,
          "Z380": 176,
          "O993": 165
        },
        "Top20": {
          "Z390": 488,
          "O82": 343,
          "O80": 322,
          "O990": 255,
          "O998": 231,
          "O342": 230,
          "O244": 218,
          "O149": 182,
          "Z380": 176,
          "O993": 165,
          "I10": 125,
          "O268": 110,
          "F530": 106,
          "Z340": 102,
          "O991": 98,
          "E039": 95,
          "O368": 92,
          "O601": 90,
          "D509": 88,
          "O365": 83
        },
        "%Top10": 44.3500424808836,
        "%Top20": 61.15548003398471
      },
      "Cobertura_3char": {
        "Top10": {
          "O99": 778,
          "Z39": 587,
          "O82": 343,
          "O80": 322,
          "O36": 279,
          "O34": 252,
          "O14": 241,
          "O24": 233,
          "Z38": 184,
          "O60": 144
        },
        "Top20": {
          "O99": 778,
          "Z39": 587,
          "O82": 343,
          "O80": 322,
          "O36": 279,
          "O34": 252,
          "O14": 241,
          "O24": 233,
          "Z38": 184,
          "O60": 144,
          "O26": 140,
          "Z34": 129,
          "I10": 125,
          "O70": 106,
          "F53": 106,
          "E03": 95,
          "D50": 88,
          "O30": 72,
          "O75": 64,
          "O72": 58
        },
        "%Top10": 57.14528462192013,
        "%Top20": 73.84876805437553
      }
    },
    "API GPT‑4o": {
      "Codigos_folha_distintos": 623,
      "Categorias_3char_distintas": 353,
      "Cobertura_full": {
        "Top10": {
          "O244": 243,
          "Z390": 241,
          "Z370": 174,
          "Z302": 162,